<?xml version="1.0" encoding="UTF-8"?>
<project-private xmlns="http://www.netbeans.org/ns/project-private/1">
    <editor-bookmarks xmlns="http://www.netbeans.org/ns/editor-bookmarks/2" lastBookmarkId="0"/>
    <open-files xmlns="http://www.netbeans.org/ns/projectui-open-files/2">
        <group>
            <file>file:/D:/Apache-NetBeans-12.4-bin-windows-x64/NetBeansProjects/QuanLySinhVien/src/Dao/UserDao.java</file>
            <file>file:/D:/Apache-NetBeans-12.4-bin-windows-x64/NetBeansProjects/QuanLySinhVien/src/User/SinhVien.java</file>
            <file>file:/D:/Apache-NetBeans-12.4-bin-windows-x64/NetBeansProjects/QuanLySinhVien/src/lms/FormGV.java</file>
            <file>file:/D:/Apache-NetBeans-12.4-bin-windows-x64/NetBeansProjects/QuanLySinhVien/src/lms/FormDT.java</file>
            <file>file:/D:/Apache-NetBeans-12.4-bin-windows-x64/NetBeansProjects/QuanLySinhVien/src/Connect/Connects.java</file>
        </group>
    </open-files>
</project-private>
